m,budgetViolation,per_cluster_vio,worstPossibleFairVio,objective,FairType,name,num_colors
0.005,0.47245343478261953,"[0, 0.47245343478261953, 0.47245343478261953, 0.4721647342995242, 0.4721647342995242, 0.47245343478261953, 0.47245343478261953, 0.47245343478261953, 0.4721647342995242, 0.47245343478261953]",0.47245343478261953,87.96554871229446,FairType.DET,diabetes,2
