max_points,num_clusters,Run_Time,m,lowers,uppers,budgetViolation,perClusterVio,worstPossibleFairVio,objective,FairType,name,num_colors
1000,5,4.722415724999792,0.005,"[0.46910250000000014, 0.41985]","[0.5927777777777777, 0.531972222222222]",0.008738888888888907,"[0, 0.0024358333333334703, 0.0024358333333334703, 0.008738888888888907, 0.0024358333333334703]",0.46910250000000014,32.37243516926573,FairType.ROBUST,diabetes,2
1100,5,6.048107017999882,0.005,"[0.46910250000000014, 0.41985]","[0.5927777777777777, 0.531972222222222]",0.006139537037037179,"[0, 0.003183333333333316, 0.003183333333333316, 0.006139537037037179, 0.003183333333333316]",0.46910250000000014,33.61459511764727,FairType.ROBUST,diabetes,2
1200,5,6.270132567000019,0.005,"[0.46910250000000014, 0.41985]","[0.5927777777777777, 0.531972222222222]",0.006139537037037179,"[0, 0.003183333333333316, 0.006139537037037179, 0.003183333333333316, 0.006139537037037179]",0.46910250000000014,35.02612547681126,FairType.ROBUST,diabetes,2
