num_clusters,Run_Time,m,lowers,uppers,budgetViolation,perClusterVio,worstPossibleFairVio,objective,FairType,name,num_colors
5,121.57804348399804,0.01,"[0.3, 0.3]","[0.75, 0.75]",0.00029970029970027845,"[0, 0, 0, 0.00029970029970027845, 0]",0.3,82.67292486513763,FairType.ROBUST,diabetes,2
5,120.06230879599752,0.0325,"[0.3, 0.3]","[0.75, 0.75]",0.0,"[0, 0, 0, 0, 0]",0.3,82.67292486513763,FairType.ROBUST,diabetes,2
5,131.67670402099975,0.05500000000000001,"[0.3, 0.3]","[0.75, 0.75]",0.0,[0],0.3,86.71833631276758,FairType.ROBUST,diabetes,2
5,87.22585775600237,0.0775,"[0.3, 0.3]","[0.75, 0.75]",0.0,[0],0.3,86.71833631276758,FairType.ROBUST,diabetes,2
5,75.16013867499714,0.1,"[0.3, 0.3]","[0.75, 0.75]",0.0,[0],0.3,86.71833631276758,FairType.ROBUST,diabetes,2
