m,budgetViolation,per_cluster_vio,worstPossibleFairVio,objective,FairType,name,num_colors
0.005,0.47380277777777113,"[0, 0.47380277777777113, 0.47380277777777113, 0.47380277777777113, 0.47380277777777113]",0.47380277777777113,63.38359887734097,FairType.DET,diabetes,2
