m,budgetViolation,per_cluster_vio,worstPossibleFairVio,objective,FairType,name,num_colors
0.005,0.46910250000000014,"[0, 0.46910250000000014, 0.46910250000000014, 0.46910250000000014, 0.46910250000000014]",0.46910250000000014,34.88830625717714,FairType.DET,diabetes,2
